meter,kilometer,centimeter,millimeter,mile,yard,foot,inch,nautical_mile
1,0.001000,100.000000,1000.000000,0.000621,1.093613,3.280840,39.370079,0.000540
10,0.010000,1000.000000,10000.000000,0.006214,10.936133,32.808399,393.700787,0.005400
100,0.100000,10000.000000,100000.000000,0.062137,109.361330,328.083990,3937.007874,0.053996
1000,1.000000,100000.000000,1000000.000000,0.621371,1093.613298,3280.839895,39370.078740,0.539957
